brandName,isVariantsWithSamePrice,picturesUrl,categories,hsnCode,inclusiveAllTaxes,picturesPath,productUid,description,gender,hasNoGstNumber,otherTax,productName,storeId,prn,createdOn,storeDetails,tags,variants,addedBy,taxType,isListable,isDeleted
Ronna,1,"[""https://firebasestorage.googleapis.com/v0/b/clothxtest.appspot.com/o/stores%2Fo52ai0cVtcxBPbsS8MuU%2Fproducts%2F1545111967968_cd_18013_1.jpg?alt=media&token=d43d3fca-5df5-4c33-ae7d-cc9d83295467""]","{""category2"":""Full Hand"",""colorCategory"":""Black"",""category1"":""Chudidhar ""}",61,1,"[""stores/o52ai0cVtcxBPbsS8MuU/products/1545111967968_cd_18013_1.jpg""]",0MYZW92xkgaWqeZb3UVD,,Women,1,0,Soch Black and Gold Georgette Chudidhar ,o52ai0cVtcxBPbsS8MuU,lychn,"{""_seconds"":1545111987,""_nanoseconds"":826000000}","{""name"":""Diva Fashion"",""address"":{""city"":""COIMBATORE"",""state"":""TAMIL NADU"",""pinCode"":641001,""street"":""RS PURAM""},""location"":{""_latitude"":10.996940799999999,""_longitude"":76.9581056}}","[""Chudidhar "",""Full Hand"","" Georgette"",""black""]","[{""stock"":16,""purchasedPrice"":500,""objectID"":""0MYZW92xkgaWqeZb3UVD_0"",""sellingPrice"":999,""size"":""m""},{""size"":""l"",""stock"":10,""purchasedPrice"":0,""objectID"":""0MYZW92xkgaWqeZb3UVD_1"",""sellingPrice"":0}]",xYKdM80shFN1HN2eFjdEvH7SabG2,textile,1,
Riva,1,"[""https://firebasestorage.googleapis.com/v0/b/clothxtest.appspot.com/o/stores%2Fo52ai0cVtcxBPbsS8MuU%2Fproducts%2F1545112115878_download.jpg?alt=media&token=f945c97c-da83-4bb9-89d4-e24769259cba""]","{""colorCategory"":""red"",""category1"":""Churidar "",""category2"":""Full Hand""}",61,1,"[""stores/o52ai0cVtcxBPbsS8MuU/products/1545112115878_download.jpg""]",1xozzut27OMhwUbzFnIO,,Women,1,0,Bedazzling Red Silk Embroidery Churidar Suit,o52ai0cVtcxBPbsS8MuU,sjzbh,"{""_seconds"":1545112125,""_nanoseconds"":207000000}","{""name"":""Diva Fashion"",""address"":{""city"":""COIMBATORE"",""state"":""TAMIL NADU"",""pinCode"":641001,""street"":""RS PURAM""},""location"":{""_latitude"":10.996940799999999,""_longitude"":76.9581056}}","[""Churidar "",""Full Hand"",""Bedazzling Red Silk""]","[{""purchasedPrice"":450,""objectID"":""1xozzut27OMhwUbzFnIO_0"",""sellingPrice"":800,""size"":""m"",""stock"":18},{""purchasedPrice"":0,""objectID"":""1xozzut27OMhwUbzFnIO_1"",""sellingPrice"":0,""size"":""l"",""stock"":10}]",xYKdM80shFN1HN2eFjdEvH7SabG2,textile,1,
halsey ,1,[],"{""category1"":""Sports"",""category2"":"""",""colorCategory"":""Black""}",61,1,[],4Mtt3yzorU53KzCIUHMY,black color,Men,1,0,checked lingerie,WFKr9k9nMcjy8IwI7k0X,yckvl,"{""_seconds"":1545547370,""_nanoseconds"":827000000}","{""name"":""halsey "",""address"":{""city"":""coimbatore"",""state"":""tamil nadu"",""pinCode"":641001,""street"":""prakash1729brt@gmail.com""},""location"":{""_latitude"":10.9416207,""_longitude"":76.9583311}}","[""""]","[{""objectID"":""4Mtt3yzorU53KzCIUHMY_0"",""sellingPrice"":5000,""size"":""S"",""stock"":3,""purchasedPrice"":5000}]",cdGWiNGz0hTW5apQkAyN79U6ELN2,textile,,
Seema,1,"[""https://firebasestorage.googleapis.com/v0/b/clothxtest.appspot.com/o/stores%2Fo52ai0cVtcxBPbsS8MuU%2Fproducts%2F1545112757561_1533102934_FTR-PEACHM-PSR2082.jpg?alt=media&token=6bc86313-64c7-42fd-ba9e-9583d593a7ac""]","{""category2"":""casual"",""colorCategory"":""yellow"",""category1"":""Saree""}",61,1,"[""stores/o52ai0cVtcxBPbsS8MuU/products/1545112757561_1533102934_FTR-PEACHM-PSR2082.jpg""]",5JFO2dQ1ASuHg8iwvNpp,,Women,1,0,Yellow Casual Printed Georgette Saree,o52ai0cVtcxBPbsS8MuU,rsrjb,"{""_seconds"":1545112770,""_nanoseconds"":361000000}","{""location"":{""_latitude"":10.996940799999999,""_longitude"":76.9581056},""name"":""Diva Fashion"",""address"":{""city"":""COIMBATORE"",""state"":""TAMIL NADU"",""pinCode"":641001,""street"":""RS PURAM""}}","[""Saree"",""Casuals"",""Georgette Saree "",""yellow""]","[{""purchasedPrice"":700,""objectID"":""5JFO2dQ1ASuHg8iwvNpp_0"",""sellingPrice"":1200,""size"":""no size"",""stock"":8},{""size"":""NO SIZE"",""stock"":20,""purchasedPrice"":0,""objectID"":""5JFO2dQ1ASuHg8iwvNpp_1"",""sellingPrice"":0}]",xYKdM80shFN1HN2eFjdEvH7SabG2,textile,1,
Whitelondon,,"[""https://firebasestorage.googleapis.com/v0/b/clothxtest.appspot.com/o/stores%2FzZwZoN02my5qFH62lcJB%2Fproducts%2F1545479042687_15454790307751363536529.jpg?alt=media&token=ded6e6bb-aa48-40c4-84a4-b03b6981b44c""]","{""category1"":""Casuals"",""category2"":""Full Hand"",""colorCategory"":""SandyBrown""}",61,1,"[""stores/zZwZoN02my5qFH62lcJB/products/1545479042687_15454790307751363536529.jpg""]",61Ke7um3VwYVujzhoY4T,,Men,1,0,Casual shirt,zZwZoN02my5qFH62lcJB,klbyn,"{""_seconds"":1545479081,""_nanoseconds"":939000000}","{""address"":{""city"":""Coimbatore"",""state"":""Tamil Nadu"",""pinCode"":641001,""street"":""4e lingappachetty street""},""location"":{""_latitude"":11.0046445,""_longitude"":76.95769},""name"":""Hanger for legends""}","[""""]","[{""objectID"":""61Ke7um3VwYVujzhoY4T_0"",""sellingPrice"":600,""size"":""Xl"",""stock"":1,""purchasedPrice"":395}]",Fq2r8sud4WOkXPeBu4KsbPwiDyB3,textile,1,
spice,1,"[""https://firebasestorage.googleapis.com/v0/b/clothxtest.appspot.com/o/stores%2FenyMuzrGVEwXM5UaFJyG%2Fproducts%2F1544974149861_ac5f45d5-c0e6-4440-b591-205631cace7c1541409470111-United-Colors-of-Benetton-Men-Shirts-4841541409469988-1.jpg?alt=media&token=6146342f-0001-4d00-b0c8-9c87659d7eed""]","{""category1"":""Casuals"",""category2"":""Full Hand"",""colorCategory"":""Red""}",61,1,"[""stores/enyMuzrGVEwXM5UaFJyG/products/1544974149861_ac5f45d5-c0e6-4440-b591-205631cace7c1541409470111-United-Colors-of-Benetton-Men-Shirts-4841541409469988-1.jpg""]",6w9OCYgczY7bvikRaMLv,,Men,1,0,Slim Fit Checked Casual Shirt,enyMuzrGVEwXM5UaFJyG,smlhq,"{""_seconds"":1544974163,""_nanoseconds"":253000000}","{""location"":{""_latitude"":11.008021699999999,""_longitude"":76.95853369999999},""name"":""Unique Fashion "",""address"":{""city"":""COIMBATORE"",""state"":""TAMIL NADU"",""pinCode"":641001,""street"":""RS PURM""}}","[""Slim Fit"","" Casual Shirt"",""Full Hand""]","[{""purchasedPrice"":400,""objectID"":""6w9OCYgczY7bvikRaMLv_0"",""sellingPrice"":799,""size"":""m"",""stock"":20},{""purchasedPrice"":0,""objectID"":""6w9OCYgczY7bvikRaMLv_1"",""sellingPrice"":0,""size"":""l"",""stock"":10}]",GElR7aDaoYTRwGG2FmRw2Lnen3B3,textile,1,
tommy,1,"[""https://firebasestorage.googleapis.com/v0/b/clothxtest.appspot.com/o/stores%2FenyMuzrGVEwXM5UaFJyG%2Fproducts%2F1544973145011_hol_215458_01_prod1.jpg?alt=media&token=d7f196a1-5b16-4ffe-be73-b96ca9af3582""]","{""category1"":""T-Shirt "",""category2"":""Half Hand"",""colorCategory"":""Blue""}",61,1,"[""stores/enyMuzrGVEwXM5UaFJyG/products/1544973145011_hol_215458_01_prod1.jpg""]",BMMDyMA1YzxFvUMANHI9,,Men,1,0, V-Neck T-Shirt,enyMuzrGVEwXM5UaFJyG,fxcxg,"{""_seconds"":1544973158,""_nanoseconds"":30000000}","{""location"":{""_latitude"":11.008021699999999,""_longitude"":76.95853369999999},""name"":""Unique Fashion "",""address"":{""street"":""RS PURM"",""city"":""COIMBATORE"",""state"":""TAMIL NADU"",""pinCode"":641001}}","["" V-Neck"",""T-Shirt "",""Half Hand""]","[{""stock"":10,""purchasedPrice"":300,""objectID"":""BMMDyMA1YzxFvUMANHI9_0"",""sellingPrice"":599,""size"":""xl""},{""objectID"":""BMMDyMA1YzxFvUMANHI9_1"",""sellingPrice"":0,""size"":""l"",""stock"":20,""purchasedPrice"":0}]",GElR7aDaoYTRwGG2FmRw2Lnen3B3,textile,1,
tommy,1,"[""https://firebasestorage.googleapis.com/v0/b/clothxtest.appspot.com/o/stores%2FenyMuzrGVEwXM5UaFJyG%2Fproducts%2F1544976019877_19ffb8fae9c25dd57a5108322f696814--men-trousers-white-pants.jpg?alt=media&token=6b733b36-ed44-4658-b1a7-6b7c88499633""]","{""category1"":""Formals"",""category2"":""slim fit "",""colorCategory"":""White""}",61,1,"[""stores/enyMuzrGVEwXM5UaFJyG/products/1544976019877_19ffb8fae9c25dd57a5108322f696814--men-trousers-white-pants.jpg""]",CyHM9Zwsu5ejCC4VSVrO,,Men,1,0,Formal White Pants for men ,enyMuzrGVEwXM5UaFJyG,lstmx,"{""_seconds"":1544976029,""_nanoseconds"":140000000}","{""location"":{""_latitude"":11.008021699999999,""_longitude"":76.95853369999999},""name"":""Unique Fashion "",""address"":{""city"":""COIMBATORE"",""state"":""TAMIL NADU"",""pinCode"":641001,""street"":""RS PURM""}}","[""Formals"",""slim fit""]","[{""objectID"":""CyHM9Zwsu5ejCC4VSVrO_0"",""sellingPrice"":1200,""size"":""38"",""stock"":10,""purchasedPrice"":600},{""objectID"":""CyHM9Zwsu5ejCC4VSVrO_1"",""sellingPrice"":0,""size"":""36"",""stock"":15,""purchasedPrice"":0}]",GElR7aDaoYTRwGG2FmRw2Lnen3B3,textile,1,
TOMMY,1,"[""https://firebasestorage.googleapis.com/v0/b/clothxtest.appspot.com/o/stores%2FenyMuzrGVEwXM5UaFJyG%2Fproducts%2F1544972721391_41i2-C9rzCL._SY445_QL70_.jpg?alt=media&token=76061bb2-401a-49fe-86eb-16a07861da75""]","{""category1"":""T shirts"",""category2"":""Full Hand"",""colorCategory"":""Black""}",61,1,"[""stores/enyMuzrGVEwXM5UaFJyG/products/1544972721391_41i2-C9rzCL._SY445_QL70_.jpg""]",DzPieTqAPuhFYvHawEtX,,Men,1,0,T shirts for men,enyMuzrGVEwXM5UaFJyG,kkkqh,"{""_seconds"":1544972730,""_nanoseconds"":186000000}","{""address"":{""city"":""COIMBATORE"",""state"":""TAMIL NADU"",""pinCode"":641001,""street"":""RS PURM""},""location"":{""_latitude"":11.008021699999999,""_longitude"":76.95853369999999},""name"":""Unique Fashion ""}","[""Full Hand"",""T- Shirt"",""round neck""]","[{""size"":""l"",""stock"":20,""purchasedPrice"":250,""objectID"":""DzPieTqAPuhFYvHawEtX_0"",""sellingPrice"":350},{""purchasedPrice"":0,""objectID"":""DzPieTqAPuhFYvHawEtX_1"",""sellingPrice"":0,""size"":""xl"",""stock"":10}]",GElR7aDaoYTRwGG2FmRw2Lnen3B3,textile,1,
virgo,1,"[""https://firebasestorage.googleapis.com/v0/b/clothxtest.appspot.com/o/stores%2FenyMuzrGVEwXM5UaFJyG%2Fproducts%2F1544972855135_jpeg.jpg?alt=media&token=7d22ef29-0682-42f2-b634-ad206d892603""]","{""category2"":""Half Hand"",""colorCategory"":""Blue"",""category1"":""T shirts""}",61,1,"[""stores/enyMuzrGVEwXM5UaFJyG/products/1544972855135_jpeg.jpg""]",ElTLGNVPbevRZhYWMl03,,Men,1,0,T shirts for men,enyMuzrGVEwXM5UaFJyG,rxdkh,"{""_seconds"":1544972894,""_nanoseconds"":375000000}","{""location"":{""_latitude"":11.008021699999999,""_longitude"":76.95853369999999},""name"":""Unique Fashion "",""address"":{""street"":""RS PURM"",""city"":""COIMBATORE"",""state"":""TAMIL NADU"",""pinCode"":641001}}","[""roundneck"",""Half Hand"",""T- Shirt""]","[{""purchasedPrice"":200,""objectID"":""ElTLGNVPbevRZhYWMl03_0"",""sellingPrice"":399,""size"":""l"",""stock"":10},{""stock"":5,""purchasedPrice"":0,""objectID"":""ElTLGNVPbevRZhYWMl03_1"",""sellingPrice"":0,""size"":""xl""}]",GElR7aDaoYTRwGG2FmRw2Lnen3B3,textile,1,
virgo,1,"[""https://firebasestorage.googleapis.com/v0/b/clothxtest.appspot.com/o/stores%2FenyMuzrGVEwXM5UaFJyG%2Fproducts%2F1544975159001_download.jpg?alt=media&token=a6e76f8b-0d0d-4ae4-947a-745ff151b522""]","{""category1"":"" Jeans"",""category2"":""slim fit"",""colorCategory"":""Blue""}",61,1,"[""stores/enyMuzrGVEwXM5UaFJyG/products/1544975159001_download.jpg""]",F56P88AaEMBPDQtAoB3n,,Men,1,0,soft Cotton Stretch Jeans for men,enyMuzrGVEwXM5UaFJyG,nnvjd,"{""_seconds"":1544975192,""_nanoseconds"":770000000}","{""address"":{""city"":""COIMBATORE"",""state"":""TAMIL NADU"",""pinCode"":641001,""street"":""RS PURM""},""location"":{""_latitude"":11.008021699999999,""_longitude"":76.95853369999999},""name"":""Unique Fashion ""}","[""Jeans"",""slim fit""]","[{""purchasedPrice"":400,""objectID"":""F56P88AaEMBPDQtAoB3n_0"",""sellingPrice"":750,""size"":""38"",""stock"":10},{""stock"":19,""purchasedPrice"":0,""objectID"":""F56P88AaEMBPDQtAoB3n_1"",""sellingPrice"":0,""size"":""36""}]",GElR7aDaoYTRwGG2FmRw2Lnen3B3,textile,1,
Virgo,1,"[""https://firebasestorage.googleapis.com/v0/b/clothxtest.appspot.com/o/stores%2FeIGNV5kDx1JuMCn3td3W%2Fproducts%2F1545111199405_Jeans-Pants-Men-s-Trend-Teens-Slim-Elasticity-Cheap-Sale-750.jpg?alt=media&token=9c916b4d-9bd9-4a94-ad12-a915b8c00711""]","{""category1"":""jeans"",""category2"":"" Slim Fit"",""colorCategory"":""blue""}",61,1,"[""stores/eIGNV5kDx1JuMCn3td3W/products/1545111199405_Jeans-Pants-Men-s-Trend-Teens-Slim-Elasticity-Cheap-Sale-750.jpg""]",Gm9UbGDZm3PgbRh1m42o,,Men,1,0,Jeans Pants Men's  Slim Fit,eIGNV5kDx1JuMCn3td3W,wjdld,"{""_seconds"":1545111214,""_nanoseconds"":283000000}","{""address"":{""city"":""COIMBATORE"",""state"":""TAMIL NADU"",""pinCode"":641001,""street"":""DB road, Rs Puram""},""location"":{""_latitude"":10.996953099999999,""_longitude"":76.95853369999999},""name"":""Mens Mufti""}","[""Jeans"",""slim fit"",""blue""]","[{""size"":""38"",""stock"":15,""purchasedPrice"":650,""objectID"":""Gm9UbGDZm3PgbRh1m42o_0"",""sellingPrice"":1150},{""stock"":20,""purchasedPrice"":0,""objectID"":""Gm9UbGDZm3PgbRh1m42o_1"",""sellingPrice"":0,""size"":""36""}]",GElR7aDaoYTRwGG2FmRw2Lnen3B3,textile,1,
spice,1,"[""https://firebasestorage.googleapis.com/v0/b/clothxtest.appspot.com/o/stores%2FenyMuzrGVEwXM5UaFJyG%2Fproducts%2F1544975574345_download.jpg?alt=media&token=cc9ee349-159c-429a-90ad-0e7498c7bd37""]","{""category1"":""jeans "",""category2"":""slim fit"",""colorCategory"":""Black""}",61,1,"[""stores/enyMuzrGVEwXM5UaFJyG/products/1544975574345_download.jpg""]",I4HBN6PEkiPQIJYumNNl,,Men,1,0,Skinny Black jeans for men,enyMuzrGVEwXM5UaFJyG,wpjck,"{""_seconds"":1544975587,""_nanoseconds"":739000000}","{""location"":{""_latitude"":11.008021699999999,""_longitude"":76.95853369999999},""name"":""Unique Fashion "",""address"":{""city"":""COIMBATORE"",""state"":""TAMIL NADU"",""pinCode"":641001,""street"":""RS PURM""}}","[""jeans "",""slim fit""]","[{""stock"":10,""purchasedPrice"":700,""objectID"":""I4HBN6PEkiPQIJYumNNl_0"",""sellingPrice"":1200,""size"":""38""},{""objectID"":""I4HBN6PEkiPQIJYumNNl_1"",""sellingPrice"":0,""size"":""36"",""stock"":20,""purchasedPrice"":0}]",GElR7aDaoYTRwGG2FmRw2Lnen3B3,textile,1,
Seema,1,"[""https://firebasestorage.googleapis.com/v0/b/clothxtest.appspot.com/o/stores%2Fo52ai0cVtcxBPbsS8MuU%2Fproducts%2F1545114022444_splendid-french-terry-legging-2-black-leggings_1.jpg?alt=media&token=adeb4c80-729a-4cad-b7cb-22dc676cbbcb""]","{""category1"":""Legging"",""category2"":""Splendid"",""colorCategory"":""Black""}",61,1,"[""stores/o52ai0cVtcxBPbsS8MuU/products/1545114022444_splendid-french-terry-legging-2-black-leggings_1.jpg""]",Iw2A5fEPXjUlLplD57xn,,Women,1,0,Splendid French Terry Legging,o52ai0cVtcxBPbsS8MuU,sprtr,"{""_seconds"":1545114031,""_nanoseconds"":125000000}","{""location"":{""_latitude"":10.996940799999999,""_longitude"":76.9581056},""name"":""Diva Fashion"",""address"":{""city"":""COIMBATORE"",""state"":""TAMIL NADU"",""pinCode"":641001,""street"":""RS PURAM""}}","[""Splendid"","" Legging"",""black""]","[{""objectID"":""Iw2A5fEPXjUlLplD57xn_0"",""sellingPrice"":250,""size"":""36"",""stock"":11,""purchasedPrice"":150},{""size"":""38"",""stock"":10,""purchasedPrice"":0,""objectID"":""Iw2A5fEPXjUlLplD57xn_1"",""sellingPrice"":0}]",xYKdM80shFN1HN2eFjdEvH7SabG2,textile,1,
virgo,1,"[""https://firebasestorage.googleapis.com/v0/b/clothxtest.appspot.com/o/stores%2FenyMuzrGVEwXM5UaFJyG%2Fproducts%2F1544973297009_images.jpg?alt=media&token=32c32abe-e5ad-4641-91b1-8058cfdb73f5""]","{""colorCategory"":""red"",""category1"":""T-Shirt "",""category2"":""Full Hand""}",61,1,"[""stores/enyMuzrGVEwXM5UaFJyG/products/1544973297009_images.jpg""]",JQllKt53iG818UaqvVHU,,Men,1,0, full sleeve red and grey color  T-Shirt  for men,enyMuzrGVEwXM5UaFJyG,zbgct,"{""_seconds"":1544973309,""_nanoseconds"":818000000}","{""location"":{""_latitude"":11.008021699999999,""_longitude"":76.95853369999999},""name"":""Unique Fashion "",""address"":{""city"":""COIMBATORE"",""state"":""TAMIL NADU"",""pinCode"":641001,""street"":""RS PURM""}}","[""T-Shirt "",""Full Hand"",""round neck""]","[{""objectID"":""JQllKt53iG818UaqvVHU_0"",""sellingPrice"":399,""size"":""xl"",""stock"":10,""purchasedPrice"":200},{""purchasedPrice"":0,""objectID"":""JQllKt53iG818UaqvVHU_1"",""sellingPrice"":0,""size"":""l"",""stock"":20}]",GElR7aDaoYTRwGG2FmRw2Lnen3B3,textile,1,
Virgo,1,"[""https://firebasestorage.googleapis.com/v0/b/clothxtest.appspot.com/o/stores%2FeIGNV5kDx1JuMCn3td3W%2Fproducts%2F1545109379179_11473928353466-Roadster-Men-Black-Regular-Fit-Checked-Casual-Shirt-4501473928353310-1.jpg?alt=media&token=cb6994a2-37b7-4de1-a62f-a175594e9504""]","{""category1"":""Casuals"",""category2"":""Full Hand"",""colorCategory"":""Black""}",61,1,"[""stores/eIGNV5kDx1JuMCn3td3W/products/1545109379179_11473928353466-Roadster-Men-Black-Regular-Fit-Checked-Casual-Shirt-4501473928353310-1.jpg""]",JuG2H1L825WY4xTA9Whr,,Men,1,0,Casual Shirts for Men,eIGNV5kDx1JuMCn3td3W,lygfb,"{""_seconds"":1545109407,""_nanoseconds"":118000000}","{""address"":{""city"":""COIMBATORE"",""state"":""TAMIL NADU"",""pinCode"":641001,""street"":""DB road, Rs Puram""},""location"":{""_latitude"":10.996953099999999,""_longitude"":76.95853369999999},""name"":""Mens Mufti""}","[""Casuals"",""Full Hand""]","[{""stock"":20,""purchasedPrice"":350,""objectID"":""JuG2H1L825WY4xTA9Whr_0"",""sellingPrice"":699,""size"":""l""},{""purchasedPrice"":0,""objectID"":""JuG2H1L825WY4xTA9Whr_1"",""sellingPrice"":0,""size"":""xl"",""stock"":10}]",GElR7aDaoYTRwGG2FmRw2Lnen3B3,textile,1,
 Allen Solly,1,"[""https://firebasestorage.googleapis.com/v0/b/clothxtest.appspot.com/o/stores%2FeIGNV5kDx1JuMCn3td3W%2Fproducts%2F1545108319370_184470-507638-large.jpg?alt=media&token=8983bf8b-fc24-425e-9fbe-28fc113f5cf7""]","{""category2"":""Half Hand"",""colorCategory"":""Navy"",""category1"":""t shirt""}",61,1,"[""stores/eIGNV5kDx1JuMCn3td3W/products/1545108319370_184470-507638-large.jpg""]",Ka94JCawDGYIunR3rXUL,,Men,1,0, Allen Solly Mens T Shirts ,eIGNV5kDx1JuMCn3td3W,gjdws,"{""_seconds"":1545108334,""_nanoseconds"":595000000}","{""address"":{""city"":""COIMBATORE"",""state"":""TAMIL NADU"",""pinCode"":641001,""street"":""DB road, Rs Puram""},""location"":{""_latitude"":10.996953099999999,""_longitude"":76.95853369999999},""name"":""Mens Mufti""}","[""T- Shirt\\"",""Half Hand""]","[{""objectID"":""Ka94JCawDGYIunR3rXUL_0"",""sellingPrice"":499,""size"":""m"",""stock"":20,""purchasedPrice"":250},{""purchasedPrice"":0,""objectID"":""Ka94JCawDGYIunR3rXUL_1"",""sellingPrice"":0,""size"":""l"",""stock"":15}]",GElR7aDaoYTRwGG2FmRw2Lnen3B3,textile,1,
Brooklyn Denim Co. ,1,"[""https://firebasestorage.googleapis.com/v0/b/clothxtest.appspot.com/o/stores%2FeIGNV5kDx1JuMCn3td3W%2Fproducts%2F1545110573809_Brooklyn-Denim-Co.-Mens-Skinny-Black-Back.jpg?alt=media&token=82fca357-db0f-4cbf-90e3-ca00b93ed760""]","{""category1"":""jeans"",""category2"":""slim fit"",""colorCategory"":""Black""}",61,1,"[""stores/eIGNV5kDx1JuMCn3td3W/products/1545110573809_Brooklyn-Denim-Co.-Mens-Skinny-Black-Back.jpg""]",KfxErqJd2RU0dLNP5lbM,,Men,1,0,Brooklyn Denim Co. Mens Black ,eIGNV5kDx1JuMCn3td3W,cgypg,"{""_seconds"":1545110580,""_nanoseconds"":279000000}","{""address"":{""city"":""COIMBATORE"",""state"":""TAMIL NADU"",""pinCode"":641001,""street"":""DB road, Rs Puram""},""location"":{""_latitude"":10.996953099999999,""_longitude"":76.95853369999999},""name"":""Mens Mufti""}","[""Full Pant"",""Jeans"",""slimfit""]","[{""purchasedPrice"":650,""objectID"":""KfxErqJd2RU0dLNP5lbM_0"",""sellingPrice"":999,""size"":""36 "",""stock"":12},{""stock"":20,""purchasedPrice"":0,""objectID"":""KfxErqJd2RU0dLNP5lbM_1"",""sellingPrice"":0,""size"":""38""}]",GElR7aDaoYTRwGG2FmRw2Lnen3B3,textile,1,
VILLAIN,1,"[""https://firebasestorage.googleapis.com/v0/b/clothxtest.appspot.com/o/stores%2FenyMuzrGVEwXM5UaFJyG%2Fproducts%2F1544975861780_128332213VLNF03MRNF1506504533.jpg?alt=media&token=60a629e6-0a90-4826-994a-c8b72f4229c2""]","{""category2"":""Slim Fit "",""colorCategory"":""Black"",""category1"":""Formals""}",61,1,"[""stores/enyMuzrGVEwXM5UaFJyG/products/1544975861780_128332213VLNF03MRNF1506504533.jpg""]",L8I29IEirydDUI5ZxpjY,,Men,1,0,VILLAIN Slim Fit Formal Pants for men,enyMuzrGVEwXM5UaFJyG,jrlxz,"{""_seconds"":1544975872,""_nanoseconds"":450000000}","{""address"":{""street"":""RS PURM"",""city"":""COIMBATORE"",""state"":""TAMIL NADU"",""pinCode"":641001},""location"":{""_latitude"":11.008021699999999,""_longitude"":76.95853369999999},""name"":""Unique Fashion ""}","[""Formals"",""Slim Fit""]","[{""size"":""38"",""stock"":10,""purchasedPrice"":550,""objectID"":""L8I29IEirydDUI5ZxpjY_0"",""sellingPrice"":1200},{""objectID"":""L8I29IEirydDUI5ZxpjY_1"",""sellingPrice"":0,""size"":""36"",""stock"":20,""purchasedPrice"":0}]",GElR7aDaoYTRwGG2FmRw2Lnen3B3,textile,1,
Riva,1,"[""https://firebasestorage.googleapis.com/v0/b/clothxtest.appspot.com/o/stores%2Fo52ai0cVtcxBPbsS8MuU%2Fproducts%2F1545113730385_stephanie-white-frill-sleeve-bodysuit-1_large.jpg?alt=media&token=2b506bbc-a867-4b6b-b673-970243b98906""]","{""category2"":""Half Hand"",""colorCategory"":""White"",""category1"":""tops""}",61,1,"[""stores/o52ai0cVtcxBPbsS8MuU/products/1545113730385_stephanie-white-frill-sleeve-bodysuit-1_large.jpg""]",LFT3U6QwqswKL0WHxJqQ,,Women,1,0,Stephanie White half  Sleeve ,o52ai0cVtcxBPbsS8MuU,pvbxs,"{""_seconds"":1545113738,""_nanoseconds"":156000000}","{""location"":{""_latitude"":10.996940799999999,""_longitude"":76.9581056},""name"":""Diva Fashion"",""address"":{""city"":""COIMBATORE"",""state"":""TAMIL NADU"",""pinCode"":641001,""street"":""RS PURAM""}}","[""Tops"",""Half Hand"",""white""]","[{""purchasedPrice"":200,""objectID"":""LFT3U6QwqswKL0WHxJqQ_0"",""sellingPrice"":350,""size"":""m"",""stock"":16},{""purchasedPrice"":0,""objectID"":""LFT3U6QwqswKL0WHxJqQ_1"",""sellingPrice"":0,""size"":""l"",""stock"":14}]",xYKdM80shFN1HN2eFjdEvH7SabG2,textile,1,
Spice,1,"[""https://firebasestorage.googleapis.com/v0/b/clothxtest.appspot.com/o/stores%2FeIGNV5kDx1JuMCn3td3W%2Fproducts%2F1545109204761_images.jpg?alt=media&token=0fbc06a3-47c8-43db-871c-8eb60dd7b0b1""]","{""category2"":""Full Hand"",""colorCategory"":""Black"",""category1"":""T-shirt""}",61,1,"[""stores/eIGNV5kDx1JuMCn3td3W/products/1545109204761_images.jpg""]",M2BbXnAqAWtkNq1Uc2E4,,Men,1,0, Black Cotton T-shirt  For MEN,eIGNV5kDx1JuMCn3td3W,lvxmy,"{""_seconds"":1545109220,""_nanoseconds"":219000000}","{""address"":{""street"":""DB road, Rs Puram"",""city"":""COIMBATORE"",""state"":""TAMIL NADU"",""pinCode"":641001},""location"":{""_latitude"":10.996953099999999,""_longitude"":76.95853369999999},""name"":""Mens Mufti""}","[""T- Shirt"",""round neck "",""Full Hand""]","[{""purchasedPrice"":150,""objectID"":""M2BbXnAqAWtkNq1Uc2E4_0"",""sellingPrice"":250,""size"":""m"",""stock"":20},{""stock"":15,""purchasedPrice"":0,""objectID"":""M2BbXnAqAWtkNq1Uc2E4_1"",""sellingPrice"":0,""size"":""l""}]",GElR7aDaoYTRwGG2FmRw2Lnen3B3,textile,1,
virgo,1,"[""https://firebasestorage.googleapis.com/v0/b/clothxtest.appspot.com/o/stores%2FenyMuzrGVEwXM5UaFJyG%2Fproducts%2F1544973496706_download.jpg?alt=media&token=5a5706f1-d1be-4fa0-992f-fc34a8266fb3""]","{""category1"":""Casuals"",""category2"":""Full Hand"",""colorCategory"":""White""}",61,1,"[""stores/enyMuzrGVEwXM5UaFJyG/products/1544973496706_download.jpg""]",MY2faU2wzoqZz7RomzyL,,Men,1,0,Cotton Casual Shirt for men,enyMuzrGVEwXM5UaFJyG,dcvdm,"{""_seconds"":1544973531,""_nanoseconds"":588000000}","{""address"":{""city"":""COIMBATORE"",""state"":""TAMIL NADU"",""pinCode"":641001,""street"":""RS PURM""},""location"":{""_latitude"":11.008021699999999,""_longitude"":76.95853369999999},""name"":""Unique Fashion ""}","[""Casuals"",""Full Hand""]","[{""stock"":10,""purchasedPrice"":300,""objectID"":""MY2faU2wzoqZz7RomzyL_0"",""sellingPrice"":550,""size"":""l""},{""stock"":20,""purchasedPrice"":0,""objectID"":""MY2faU2wzoqZz7RomzyL_1"",""sellingPrice"":0,""size"":""m""}]",GElR7aDaoYTRwGG2FmRw2Lnen3B3,textile,1,
tommy,1,"[""https://firebasestorage.googleapis.com/v0/b/clothxtest.appspot.com/o/stores%2FenyMuzrGVEwXM5UaFJyG%2Fproducts%2F1544974322634_download.jpg?alt=media&token=800fb402-1f52-4926-8f0a-ae1b28c363ee""]","{""category1"":""jeans"",""category2"":""Relaxed-Fit "",""colorCategory"":""grey""}",61,1,"[""stores/enyMuzrGVEwXM5UaFJyG/products/1544974322634_download.jpg""]",NAZkKLFh9nMxp3LfTlih,,Men,1,0,Men's Relaxed-Fit Jeans,enyMuzrGVEwXM5UaFJyG,nwmhf,"{""_seconds"":1544974335,""_nanoseconds"":409000000}","{""address"":{""city"":""COIMBATORE"",""state"":""TAMIL NADU"",""pinCode"":641001,""street"":""RS PURM""},""location"":{""_latitude"":11.008021699999999,""_longitude"":76.95853369999999},""name"":""Unique Fashion ""}","[""Relaxed-Fit "",""Jeans""]","[{""size"":""38"",""stock"":20,""purchasedPrice"":550,""objectID"":""NAZkKLFh9nMxp3LfTlih_0"",""sellingPrice"":1100},{""size"":""36"",""stock"":13,""purchasedPrice"":0,""objectID"":""NAZkKLFh9nMxp3LfTlih_1"",""sellingPrice"":0}]",GElR7aDaoYTRwGG2FmRw2Lnen3B3,textile,1,
Spice,1,"[""https://firebasestorage.googleapis.com/v0/b/clothxtest.appspot.com/o/stores%2FeIGNV5kDx1JuMCn3td3W%2Fproducts%2F1545109753203_91Of0odQ5EL._UX425_.jpg?alt=media&token=4c0beb8e-d2ce-4070-bf1b-c6a271b6942b""]","{""category2"":""Half Hand"",""colorCategory"":""Blue"",""category1"":""Casuals""}",61,1,"[""stores/eIGNV5kDx1JuMCn3td3W/products/1545109753203_91Of0odQ5EL._UX425_.jpg""]",NICOdKr2ht9zok2VJmH0,,Men,1,0, Shirts Men Cotton Casual Shirts,eIGNV5kDx1JuMCn3td3W,tyblf,"{""_seconds"":1545109767,""_nanoseconds"":859000000}","{""name"":""Mens Mufti"",""address"":{""street"":""DB road, Rs Puram"",""city"":""COIMBATORE"",""state"":""TAMIL NADU"",""pinCode"":641001},""location"":{""_latitude"":10.996953099999999,""_longitude"":76.95853369999999}}","[""Casuals"",""Half Hand""]","[{""purchasedPrice"":350,""objectID"":""NICOdKr2ht9zok2VJmH0_0"",""sellingPrice"":699,""size"":""l"",""stock"":18},{""purchasedPrice"":0,""objectID"":""NICOdKr2ht9zok2VJmH0_1"",""sellingPrice"":0,""size"":""xl"",""stock"":10}]",GElR7aDaoYTRwGG2FmRw2Lnen3B3,textile,1,
Riva,1,"[""https://firebasestorage.googleapis.com/v0/b/clothxtest.appspot.com/o/stores%2Fo52ai0cVtcxBPbsS8MuU%2Fproducts%2F1545111827834_maxresdefault.jpg?alt=media&token=e207c4c4-3e0c-45d0-9743-fb727c722956""]","{""category2"":""  Designer"",""colorCategory"":""LawnGreen"",""category1"":""Chudidhar ""}",61,1,"[""stores/o52ai0cVtcxBPbsS8MuU/products/1545111827834_maxresdefault.jpg""]",P3OrhxkGw0rMJrItl16n,,Men,1,0, Designer Chudidhar  for women,o52ai0cVtcxBPbsS8MuU,cjzdq,"{""_seconds"":1545111839,""_nanoseconds"":478000000}","{""address"":{""city"":""COIMBATORE"",""state"":""TAMIL NADU"",""pinCode"":641001,""street"":""RS PURAM""},""location"":{""_latitude"":10.996940799999999,""_longitude"":76.9581056},""name"":""Diva Fashion""}","["" Designer"","" Chudidhar ""]","[{""size"":""m"",""stock"":10,""purchasedPrice"":450,""objectID"":""P3OrhxkGw0rMJrItl16n_0"",""sellingPrice"":750},{""size"":""l"",""stock"":19,""purchasedPrice"":0,""objectID"":""P3OrhxkGw0rMJrItl16n_1"",""sellingPrice"":0}]",xYKdM80shFN1HN2eFjdEvH7SabG2,textile,1,1
Tommy,1,"[""https://firebasestorage.googleapis.com/v0/b/clothxtest.appspot.com/o/stores%2FeIGNV5kDx1JuMCn3td3W%2Fproducts%2F1545108183063_nologo-white-navy-stripper-tee.jpg?alt=media&token=e98c8ae4-6a08-4528-89f1-a3a4e82d0dba""]","{""category2"":""Full Hand"",""colorCategory"":""Blue"",""category1"":""T shirt ""}",61,1,"[""stores/eIGNV5kDx1JuMCn3td3W/products/1545108183063_nologo-white-navy-stripper-tee.jpg""]",QOM1eiYWsAuIeNiVfX4k,,Men,1,0,Full Hand T shirt  for men ,eIGNV5kDx1JuMCn3td3W,vmhtz,"{""_seconds"":1545108197,""_nanoseconds"":487000000}","{""address"":{""street"":""DB road, Rs Puram"",""city"":""COIMBATORE"",""state"":""TAMIL NADU"",""pinCode"":641001},""location"":{""_latitude"":10.996953099999999,""_longitude"":76.95853369999999},""name"":""Mens Mufti""}","[""T- Shirt"",""Full Hand"",""round neck""]","[{""stock"":20,""purchasedPrice"":150,""objectID"":""QOM1eiYWsAuIeNiVfX4k_0"",""sellingPrice"":299,""size"":""m""},{""size"":""l"",""stock"":15,""purchasedPrice"":0,""objectID"":""QOM1eiYWsAuIeNiVfX4k_1"",""sellingPrice"":0}]",GElR7aDaoYTRwGG2FmRw2Lnen3B3,textile,1,
Tommy,1,"[""https://firebasestorage.googleapis.com/v0/b/clothxtest.appspot.com/o/stores%2FeIGNV5kDx1JuMCn3td3W%2Fproducts%2F1545110981859_7f64e19e-99d8-4e37-bb58-a7a56381ea431542884411296-Calvin-Klein-Jeans-Men-Blue-Slim-Straight-Fit-Mid-Rise-Jeans-1.jpg?alt=media&token=568aa0d9-2b97-4de8-9078-d2ffe0196ebb""]","{""category1"":""jeans"",""category2"":""normal fit"",""colorCategory"":""blue""}",61,1,"[""stores/eIGNV5kDx1JuMCn3td3W/products/1545110981859_7f64e19e-99d8-4e37-bb58-a7a56381ea431542884411296-Calvin-Klein-Jeans-Men-Blue-Slim-Straight-Fit-Mid-Rise-Jeans-1.jpg""]",RZnkvAi9DgseI93lt95L,,Men,1,0,Men Jeans Normal Fit,eIGNV5kDx1JuMCn3td3W,qmljp,"{""_seconds"":1545110993,""_nanoseconds"":858000000}","{""location"":{""_latitude"":10.996953099999999,""_longitude"":76.95853369999999},""name"":""Mens Mufti"",""address"":{""city"":""COIMBATORE"",""state"":""TAMIL NADU"",""pinCode"":641001,""street"":""DB road, Rs Puram""}}","[""Jeans"",""normal fit"",""blue ""]","[{""stock"":10,""purchasedPrice"":550,""objectID"":""RZnkvAi9DgseI93lt95L_0"",""sellingPrice"":1000,""size"":""38""},{""size"":""36"",""stock"":16,""purchasedPrice"":0,""objectID"":""RZnkvAi9DgseI93lt95L_1"",""sellingPrice"":0}]",GElR7aDaoYTRwGG2FmRw2Lnen3B3,textile,1,
Ronna,1,"[""https://firebasestorage.googleapis.com/v0/b/clothxtest.appspot.com/o/stores%2Fo52ai0cVtcxBPbsS8MuU%2Fproducts%2F1545113882978_DP56671110_F_1.jpg?alt=media&token=0cd0c70f-629c-49bd-b37b-647ece9440e6""]","{""category2"":""Half Hand"",""colorCategory"":""Black"",""category1"":""tops""}",61,1,"[""stores/o52ai0cVtcxBPbsS8MuU/products/1545113882978_DP56671110_F_1.jpg""]",SHdYO8rbZRD8TIlMieEO,,Women,1,0,Black Tops For Women,o52ai0cVtcxBPbsS8MuU,xxzyg,"{""_seconds"":1545113890,""_nanoseconds"":365000000}","{""name"":""Diva Fashion"",""address"":{""city"":""COIMBATORE"",""state"":""TAMIL NADU"",""pinCode"":641001,""street"":""RS PURAM""},""location"":{""_latitude"":10.996940799999999,""_longitude"":76.9581056}}","[""Tops"",""Half Hand"","" black""]","[{""objectID"":""SHdYO8rbZRD8TIlMieEO_0"",""sellingPrice"":250,""size"":""m"",""stock"":20,""purchasedPrice"":150},{""purchasedPrice"":0,""objectID"":""SHdYO8rbZRD8TIlMieEO_1"",""sellingPrice"":0,""size"":""l"",""stock"":16}]",xYKdM80shFN1HN2eFjdEvH7SabG2,textile,1,
spice,1,"[""https://firebasestorage.googleapis.com/v0/b/clothxtest.appspot.com/o/stores%2FenyMuzrGVEwXM5UaFJyG%2Fproducts%2F1544973011585_file_7dfdf676.jpeg?alt=media&token=0a59b7b4-6d26-41ec-8bb3-7aac6788c401""]","{""category2"":""Half Hand"",""colorCategory"":""black"",""category1"":""T shirts""}",61,1,"[""stores/enyMuzrGVEwXM5UaFJyG/products/1544973011585_file_7dfdf676.jpeg""]",VZ8aQrXbDU49Ua2DDJxb,,Men,1,0,Round neck T shirts for men ,enyMuzrGVEwXM5UaFJyG,fpvyb,"{""_seconds"":1544973048,""_nanoseconds"":670000000}","{""address"":{""street"":""RS PURM"",""city"":""COIMBATORE"",""state"":""TAMIL NADU"",""pinCode"":641001},""location"":{""_latitude"":11.008021699999999,""_longitude"":76.95853369999999},""name"":""Unique Fashion ""}","[""Round neck"",""T shirts "",""Half Hand""]","[{""purchasedPrice"":250,""objectID"":""VZ8aQrXbDU49Ua2DDJxb_0"",""sellingPrice"":400,""size"":""l"",""stock"":10},{""purchasedPrice"":0,""objectID"":""VZ8aQrXbDU49Ua2DDJxb_1"",""sellingPrice"":0,""size"":""xl"",""stock"":20}]",GElR7aDaoYTRwGG2FmRw2Lnen3B3,textile,1,
TOMMY,1,"[""https://firebasestorage.googleapis.com/v0/b/clothxtest.appspot.com/o/stores%2FenyMuzrGVEwXM5UaFJyG%2Fproducts%2F1544975713102_images.jpg?alt=media&token=e7b6974b-c7c7-4328-ba3d-18ffbc166bb0""]","{""category2"":""slim fit"",""colorCategory"":""Grey"",""category1"":""Formals""}",61,1,"[""stores/enyMuzrGVEwXM5UaFJyG/products/1544975713102_images.jpg""]",Vq2HCpGAyVGufxodTDZC,,Men,1,0,formal pant for men,enyMuzrGVEwXM5UaFJyG,dvdch,"{""_seconds"":1544975762,""_nanoseconds"":873000000}","{""address"":{""street"":""RS PURM"",""city"":""COIMBATORE"",""state"":""TAMIL NADU"",""pinCode"":641001},""location"":{""_latitude"":11.008021699999999,""_longitude"":76.95853369999999},""name"":""Unique Fashion ""}","[""Formals"",""slim fit""]","[{""purchasedPrice"":500,""objectID"":""Vq2HCpGAyVGufxodTDZC_0"",""sellingPrice"":999,""size"":""38"",""stock"":10},{""stock"":20,""purchasedPrice"":0,""objectID"":""Vq2HCpGAyVGufxodTDZC_1"",""sellingPrice"":0,""size"":""36""}]",GElR7aDaoYTRwGG2FmRw2Lnen3B3,textile,1,
Riva,1,"[""https://firebasestorage.googleapis.com/v0/b/clothxtest.appspot.com/o/stores%2Fo52ai0cVtcxBPbsS8MuU%2Fproducts%2F1545114199334_1503951933333089232.jpg?alt=media&token=038446c3-dfae-40da-b8e9-da9c4e75ed4f""]","{""category1"":""Leggings"",""category2"":""Ripped"",""colorCategory"":""Black""}",61,1,"[""stores/o52ai0cVtcxBPbsS8MuU/products/1545114199334_1503951933333089232.jpg""]",Xi0k4dwXKjhrRyP6Xjkc,,Women,1,0,ladies High Waisted Ripped Leggings,o52ai0cVtcxBPbsS8MuU,tlxwk,"{""_seconds"":1545114209,""_nanoseconds"":649000000}","{""location"":{""_latitude"":10.996940799999999,""_longitude"":76.9581056},""name"":""Diva Fashion"",""address"":{""city"":""COIMBATORE"",""state"":""TAMIL NADU"",""pinCode"":641001,""street"":""RS PURAM""}}","[""Leggings"",""Ripped"",""black""]","[{""stock"":9,""purchasedPrice"":200,""objectID"":""Xi0k4dwXKjhrRyP6Xjkc_0"",""sellingPrice"":350,""size"":""38""},{""purchasedPrice"":0,""objectID"":""Xi0k4dwXKjhrRyP6Xjkc_1"",""sellingPrice"":0,""size"":""36"",""stock"":17}]",xYKdM80shFN1HN2eFjdEvH7SabG2,textile,1,
tommy,1,"[""https://firebasestorage.googleapis.com/v0/b/clothxtest.appspot.com/o/stores%2FenyMuzrGVEwXM5UaFJyG%2Fproducts%2F1544973961327_men_s-casual-trolley-grey-shirt-11277a_3_300x.jpg?alt=media&token=004cc2d0-fc9e-4057-a99c-f5158d9e556d""]","{""category1"":""Casuals"",""category2"":""Full Hand"",""colorCategory"":"" Grey""}",61,1,"[""stores/enyMuzrGVEwXM5UaFJyG/products/1544973961327_men_s-casual-trolley-grey-shirt-11277a_3_300x.jpg""]",YNnPSntKzqGRtGHzFt9j,,Men,1,0,Men's Casual  Shirt,enyMuzrGVEwXM5UaFJyG,sqbxw,"{""_seconds"":1544973969,""_nanoseconds"":327000000}","{""address"":{""city"":""COIMBATORE"",""state"":""TAMIL NADU"",""pinCode"":641001,""street"":""RS PURM""},""location"":{""_latitude"":11.008021699999999,""_longitude"":76.95853369999999},""name"":""Unique Fashion ""}","["" Casual"",""Full Hand""]","[{""purchasedPrice"":350,""objectID"":""YNnPSntKzqGRtGHzFt9j_0"",""sellingPrice"":700,""size"":""m"",""stock"":10},{""purchasedPrice"":0,""objectID"":""YNnPSntKzqGRtGHzFt9j_1"",""sellingPrice"":0,""size"":""l"",""stock"":20}]",GElR7aDaoYTRwGG2FmRw2Lnen3B3,textile,1,
Seema,1,"[""https://firebasestorage.googleapis.com/v0/b/clothxtest.appspot.com/o/stores%2Fo52ai0cVtcxBPbsS8MuU%2Fproducts%2F1545113125103_38-d-1005170-rene-original-imaf7hk8kykp82hx.jpeg?alt=media&token=ef3e00e4-9f56-4875-978f-2bba61fe64d1""]","{""category1"":""blouse"",""category2"":"" collar"",""colorCategory"":""PaleVioletRed""}",61,1,"[""stores/o52ai0cVtcxBPbsS8MuU/products/1545113125103_38-d-1005170-rene-original-imaf7hk8kykp82hx.jpeg""]",YkZbCsW2tXOnrFzDUmRG,,Men,1,0, collar Women Stitched Blouse,o52ai0cVtcxBPbsS8MuU,zgtth,"{""_seconds"":1545113137,""_nanoseconds"":444000000}","{""address"":{""state"":""TAMIL NADU"",""pinCode"":641001,""street"":""RS PURAM"",""city"":""COIMBATORE""},""location"":{""_latitude"":10.996940799999999,""_longitude"":76.9581056},""name"":""Diva Fashion""}","["" collar"",""Blouse""]","[{""size"":""36"",""stock"":10,""purchasedPrice"":750,""objectID"":""YkZbCsW2tXOnrFzDUmRG_0"",""sellingPrice"":1350},{""objectID"":""YkZbCsW2tXOnrFzDUmRG_1"",""sellingPrice"":0,""size"":""38"",""stock"":20,""purchasedPrice"":0}]",xYKdM80shFN1HN2eFjdEvH7SabG2,textile,1,1
Ronna,1,"[""https://firebasestorage.googleapis.com/v0/b/clothxtest.appspot.com/o/stores%2Fo52ai0cVtcxBPbsS8MuU%2Fproducts%2F1545112276466_203260245_9607_59E6F1A4416F4484B742ED23030D443B.jpg?alt=media&token=67603169-7745-4d48-83c9-2b513a072948""]","{""category1"":""Saree"",""category2"":"" Chiffon Zari"",""colorCategory"":""red""}",61,1,"[""stores/o52ai0cVtcxBPbsS8MuU/products/1545112276466_203260245_9607_59E6F1A4416F4484B742ED23030D443B.jpg""]",anKRkeTKNXcccgjMt0zJ,,Women,1,0,Womens Chiffon Zari Saree,o52ai0cVtcxBPbsS8MuU,llkgw,"{""_seconds"":1545112283,""_nanoseconds"":681000000}","{""name"":""Diva Fashion"",""address"":{""city"":""COIMBATORE"",""state"":""TAMIL NADU"",""pinCode"":641001,""street"":""RS PURAM""},""location"":{""_latitude"":10.996940799999999,""_longitude"":76.9581056}}","[""Saree"",""Chiffon Zari "",""red""]","[{""objectID"":""anKRkeTKNXcccgjMt0zJ_0"",""sellingPrice"":1800,""size"":""no size"",""stock"":20,""purchasedPrice"":1000},{""purchasedPrice"":0,""objectID"":""anKRkeTKNXcccgjMt0zJ_1"",""sellingPrice"":0,""size"":""NO SIZE"",""stock"":15}]",xYKdM80shFN1HN2eFjdEvH7SabG2,textile,1,
Nike ,1,[],"{""category1"":""Casuals"",""category2"":""Full Hand"",""colorCategory"":""Black""}",61,1,[],eDqspBjsLh4cYvWdqK2g,,Men,1,0,Shirt,M2epzuDAplyE5AKfPrsS,xlpsx,"{""_seconds"":1545512518,""_nanoseconds"":950000000}","{""address"":{""street"":""R.S.Puram"",""city"":""Coimbatore"",""state"":""Tamil Nadu"",""pinCode"":641002},""location"":{""_latitude"":10.9411319,""_longitude"":76.9535083},""name"":""Fashion door""}","[""""]","[{""stock"":6,""purchasedPrice"":300,""objectID"":""eDqspBjsLh4cYvWdqK2g_0"",""sellingPrice"":400,""size"":""xl""}]",utE04LXBqgWMFlxwNTs3XGOsdZ72,textile,,
 Virgo,1,"[""https://firebasestorage.googleapis.com/v0/b/clothxtest.appspot.com/o/stores%2FeIGNV5kDx1JuMCn3td3W%2Fproducts%2F1545110038098_81d01bfa-bb15-425c-adec-626337e3511e1536071410966-1.jpg?alt=media&token=a0ef9ddb-3b21-4a6d-94ce-12d1f3b155b4""]","{""category2"":""Full Hand"",""colorCategory"":""Navy"",""category1"":""Casuals""}",61,1,"[""stores/eIGNV5kDx1JuMCn3td3W/products/1545110038098_81d01bfa-bb15-425c-adec-626337e3511e1536071410966-1.jpg""]",fXL5EHwu1d4qBv95Xjlf,,Men,1,0,Navy Blue Slim Fit Striped Casual Shirt,eIGNV5kDx1JuMCn3td3W,nmksb,"{""_seconds"":1545110046,""_nanoseconds"":288000000}","{""address"":{""city"":""COIMBATORE"",""state"":""TAMIL NADU"",""pinCode"":641001,""street"":""DB road, Rs Puram""},""location"":{""_latitude"":10.996953099999999,""_longitude"":76.95853369999999},""name"":""Mens Mufti""}","[""Casuals"",""slim fit"",""Full Hand""]","[{""purchasedPrice"":399,""objectID"":""fXL5EHwu1d4qBv95Xjlf_0"",""sellingPrice"":799,""size"":""l"",""stock"":20},{""size"":""XL"",""stock"":15,""purchasedPrice"":0,""objectID"":""fXL5EHwu1d4qBv95Xjlf_1"",""sellingPrice"":0}]",GElR7aDaoYTRwGG2FmRw2Lnen3B3,textile,1,
Seema,1,"[""https://firebasestorage.googleapis.com/v0/b/clothxtest.appspot.com/o/stores%2Fo52ai0cVtcxBPbsS8MuU%2Fproducts%2F1545113372090_images.jpg?alt=media&token=4ea48e64-35da-4b2b-92a7-88613f716e4c""]","{""category2"":""Designer"",""colorCategory"":"" Yellow"",""category1"":""blouse""}",61,1,"[""stores/o52ai0cVtcxBPbsS8MuU/products/1545113372090_images.jpg""]",gXknNgrnYozElaACvmwA,,Women,1,0,Comforting Brocade Yellow Color Designer Blouse,o52ai0cVtcxBPbsS8MuU,bhzlp,"{""_seconds"":1545113382,""_nanoseconds"":528000000}","{""location"":{""_latitude"":10.996940799999999,""_longitude"":76.9581056},""name"":""Diva Fashion"",""address"":{""city"":""COIMBATORE"",""state"":""TAMIL NADU"",""pinCode"":641001,""street"":""RS PURAM""}}","["" Blouse"","" Designer"",""Comforting Brocade"",""yellow""]","[{""stock"":20,""purchasedPrice"":500,""objectID"":""gXknNgrnYozElaACvmwA_0"",""sellingPrice"":900,""size"":""38""},{""purchasedPrice"":0,""objectID"":""gXknNgrnYozElaACvmwA_1"",""sellingPrice"":0,""size"":""36"",""stock"":16}]",xYKdM80shFN1HN2eFjdEvH7SabG2,textile,1,
Tommy,1,"[""https://firebasestorage.googleapis.com/v0/b/clothxtest.appspot.com/o/stores%2FeIGNV5kDx1JuMCn3td3W%2Fproducts%2F1545109903716_casual-shirts-for-men-500x500.jpg?alt=media&token=ff98595c-17c4-4431-b646-06bb4e74a0b4""]","{""colorCategory"":""White"",""category1"":""Casuals"",""category2"":""Full Hand""}",61,1,"[""stores/eIGNV5kDx1JuMCn3td3W/products/1545109903716_casual-shirts-for-men-500x500.jpg""]",iVLnpUmUyPoO3pVizoL2,,Men,1,0,Casual Shirt For men,eIGNV5kDx1JuMCn3td3W,dwwxm,"{""_seconds"":1545109911,""_nanoseconds"":635000000}","{""name"":""Mens Mufti"",""address"":{""street"":""DB road, Rs Puram"",""city"":""COIMBATORE"",""state"":""TAMIL NADU"",""pinCode"":641001},""location"":{""_latitude"":10.996953099999999,""_longitude"":76.95853369999999}}","[""Casuals"",""Half Hand""]","[{""size"":""l"",""stock"":20,""purchasedPrice"":400,""objectID"":""iVLnpUmUyPoO3pVizoL2_0"",""sellingPrice"":750},{""objectID"":""iVLnpUmUyPoO3pVizoL2_1"",""sellingPrice"":0,""size"":""XL"",""stock"":10,""purchasedPrice"":0}]",GElR7aDaoYTRwGG2FmRw2Lnen3B3,textile,1,
spice,1,"[""https://firebasestorage.googleapis.com/v0/b/clothxtest.appspot.com/o/stores%2FenyMuzrGVEwXM5UaFJyG%2Fproducts%2F1544973827477_images.jpg?alt=media&token=46e73de5-158f-4ccf-a161-25c54cb03d28""]","{""colorCategory"":""black"",""category1"":""Casuals"",""category2"":""Full Hand""}",61,1,"[""stores/enyMuzrGVEwXM5UaFJyG/products/1544973827477_images.jpg""]",kDf8tJQlgvqixXO0puPg,,Men,1,0,Casual  shirt for men,enyMuzrGVEwXM5UaFJyG,dmvzt,"{""_seconds"":1544973835,""_nanoseconds"":374000000}","{""location"":{""_latitude"":11.008021699999999,""_longitude"":76.95853369999999},""name"":""Unique Fashion "",""address"":{""street"":""RS PURM"",""city"":""COIMBATORE"",""state"":""TAMIL NADU"",""pinCode"":641001}}","[""Casuals"",""Full Hand""]","[{""purchasedPrice"":350,""objectID"":""kDf8tJQlgvqixXO0puPg_0"",""sellingPrice"":650,""size"":""m"",""stock"":10},{""objectID"":""kDf8tJQlgvqixXO0puPg_1"",""sellingPrice"":0,""size"":""l"",""stock"":20,""purchasedPrice"":0}]",GElR7aDaoYTRwGG2FmRw2Lnen3B3,textile,1,
Tommy,1,"[""https://firebasestorage.googleapis.com/v0/b/clothxtest.appspot.com/o/stores%2FeIGNV5kDx1JuMCn3td3W%2Fproducts%2F1545110345977_distressed-skinny-jeans-for-men_1200x1200.jpg?alt=media&token=ccf2b1ea-1f35-4f8b-8080-bc8d8da7b658""]","{""colorCategory"":""Blue"",""category1"":""jeans"",""category2"":""slim fit""}",61,1,"[""stores/eIGNV5kDx1JuMCn3td3W/products/1545110345977_distressed-skinny-jeans-for-men_1200x1200.jpg""]",kZY0eaXOUHnpyCHFVtlv,,Men,1,0,Distressed Skinny Jeans for Men ,eIGNV5kDx1JuMCn3td3W,jlrls,"{""_seconds"":1545110369,""_nanoseconds"":107000000}","{""address"":{""street"":""DB road, Rs Puram"",""city"":""COIMBATORE"",""state"":""TAMIL NADU"",""pinCode"":641001},""location"":{""_latitude"":10.996953099999999,""_longitude"":76.95853369999999},""name"":""Mens Mufti""}","[""Jeans"",""slim fit""]","[{""objectID"":""kZY0eaXOUHnpyCHFVtlv_0"",""sellingPrice"":1350,""size"":""38"",""stock"":10,""purchasedPrice"":750},{""purchasedPrice"":0,""objectID"":""kZY0eaXOUHnpyCHFVtlv_1"",""sellingPrice"":0,""size"":""36"",""stock"":15}]",GElR7aDaoYTRwGG2FmRw2Lnen3B3,textile,1,
Tommy,1,"[""https://firebasestorage.googleapis.com/v0/b/clothxtest.appspot.com/o/stores%2FeIGNV5kDx1JuMCn3td3W%2Fproducts%2F1545109600540_Dope-Black-Printed-Men-Graphics-T-shirt-Front-Smokedclothing.com_.jpg?alt=media&token=6601d26f-2548-46a5-b030-9168730dcb07""]","{""category1"":"" T shirt"",""category2"":""Half Hand"",""colorCategory"":""Black""}",61,1,"[""stores/eIGNV5kDx1JuMCn3td3W/products/1545109600540_Dope-Black-Printed-Men-Graphics-T-shirt-Front-Smokedclothing.com_.jpg""]",lUQKO1uAbNKsGFUKbkbn,,Men,1,0,Dope Black Printed Men Graphics T shirt,eIGNV5kDx1JuMCn3td3W,psfsz,"{""_seconds"":1545109611,""_nanoseconds"":522000000}","{""location"":{""_latitude"":10.996953099999999,""_longitude"":76.95853369999999},""name"":""Mens Mufti"",""address"":{""city"":""COIMBATORE"",""state"":""TAMIL NADU"",""pinCode"":641001,""street"":""DB road, Rs Puram""}}","[""round neck"",""T- Shirt"",""Half Hand""]","[{""purchasedPrice"":200,""objectID"":""lUQKO1uAbNKsGFUKbkbn_0"",""sellingPrice"":399,""size"":""m"",""stock"":10},{""purchasedPrice"":0,""objectID"":""lUQKO1uAbNKsGFUKbkbn_1"",""sellingPrice"":0,""size"":""l"",""stock"":20}]",GElR7aDaoYTRwGG2FmRw2Lnen3B3,textile,1,
Ronna,1,"[""https://firebasestorage.googleapis.com/v0/b/clothxtest.appspot.com/o/stores%2Fo52ai0cVtcxBPbsS8MuU%2Fproducts%2F1545112453743_subhash-temptation-21-designer-saree-purple-sbw9002-mm-georgette-52a.jpg?alt=media&token=1413d36a-b6ca-4d45-bdac-5b2de6b56d38""]","{""category1"":"" saree"",""category2"":""Sudarsvhan Silks"",""colorCategory"":""Navy""}",61,1,"[""stores/o52ai0cVtcxBPbsS8MuU/products/1545112453743_subhash-temptation-21-designer-saree-purple-sbw9002-mm-georgette-52a.jpg""]",nK3mof3vVRO49FSTK1PS,,Women,1,0,Sudarsvhan Silks saree For Women,o52ai0cVtcxBPbsS8MuU,zgbsx,"{""_seconds"":1545112473,""_nanoseconds"":545000000}","{""name"":""Diva Fashion"",""address"":{""street"":""RS PURAM"",""city"":""COIMBATORE"",""state"":""TAMIL NADU"",""pinCode"":641001},""location"":{""_latitude"":10.996940799999999,""_longitude"":76.9581056}}","[""Saree"",""Sudarsvhan Silks"",""Navy""]","[{""purchasedPrice"":800,""objectID"":""nK3mof3vVRO49FSTK1PS_0"",""sellingPrice"":1300,""size"":""no size"",""stock"":10},{""stock"":14,""purchasedPrice"":0,""objectID"":""nK3mof3vVRO49FSTK1PS_1"",""sellingPrice"":0,""size"":""NO SIZE""}]",xYKdM80shFN1HN2eFjdEvH7SabG2,textile,1,
TOMMY,1,"[""https://firebasestorage.googleapis.com/v0/b/clothxtest.appspot.com/o/stores%2FenyMuzrGVEwXM5UaFJyG%2Fproducts%2F1544975416543_64410203_3pl.jpg?alt=media&token=7b2b789e-6793-4c72-85dd-8d4079d5d257""]","{""category2"":""slim fit"",""colorCategory"":""DarkBlue"",""category1"":""Jeans ""}",61,1,"[""stores/enyMuzrGVEwXM5UaFJyG/products/1544975416543_64410203_3pl.jpg""]",nkckZYUKM6JiQBQBZfLo,,Men,1,0,Mens Jeans slim fit,enyMuzrGVEwXM5UaFJyG,vjdyl,"{""_seconds"":1544975444,""_nanoseconds"":227000000}","{""location"":{""_latitude"":11.008021699999999,""_longitude"":76.95853369999999},""name"":""Unique Fashion "",""address"":{""city"":""COIMBATORE"",""state"":""TAMIL NADU"",""pinCode"":641001,""street"":""RS PURM""}}","[""Jeans "",""slim fit""]","[{""stock"":10,""purchasedPrice"":700,""objectID"":""nkckZYUKM6JiQBQBZfLo_0"",""sellingPrice"":1250,""size"":""38""},{""purchasedPrice"":0,""objectID"":""nkckZYUKM6JiQBQBZfLo_1"",""sellingPrice"":0,""size"":""36"",""stock"":20}]",GElR7aDaoYTRwGG2FmRw2Lnen3B3,textile,1,
rena,1,"[""https://firebasestorage.googleapis.com/v0/b/clothxtest.appspot.com/o/stores%2Fo52ai0cVtcxBPbsS8MuU%2Fproducts%2F1545113228772_38-d-1005170-rene-original-imaf7hk8kykp82hx.jpeg?alt=media&token=16db2206-dbb3-4888-b661-559cd26702b8""]","{""colorCategory"":""PaleVioletRed"",""category1"":"" Blouse"",""category2"":"" collar""}",61,1,"[""stores/o52ai0cVtcxBPbsS8MuU/products/1545113228772_38-d-1005170-rene-original-imaf7hk8kykp82hx.jpeg""]",nvuLCJmws2CaaXjzlMEq,,Women,1,0, collar Women Stitched Blouse,o52ai0cVtcxBPbsS8MuU,dmztt,"{""_seconds"":1545113236,""_nanoseconds"":242000000}","{""address"":{""city"":""COIMBATORE"",""state"":""TAMIL NADU"",""pinCode"":641001,""street"":""RS PURAM""},""location"":{""_latitude"":10.996940799999999,""_longitude"":76.9581056},""name"":""Diva Fashion""}","[""Blouse"",""collar""]","[{""stock"":20,""purchasedPrice"":750,""objectID"":""nvuLCJmws2CaaXjzlMEq_0"",""sellingPrice"":1250,""size"":""36""},{""objectID"":""nvuLCJmws2CaaXjzlMEq_1"",""sellingPrice"":0,""size"":""38"",""stock"":16,""purchasedPrice"":0}]",xYKdM80shFN1HN2eFjdEvH7SabG2,textile,1,
Riva,1,"[""https://firebasestorage.googleapis.com/v0/b/clothxtest.appspot.com/o/stores%2Fo52ai0cVtcxBPbsS8MuU%2Fproducts%2F1545112949398_black_dupion_silk_resham_embroidered_designer_blouse-bl1824.jpg?alt=media&token=4ef5b62a-5834-43ff-a323-5a2771ddbd93""]","{""category1"":""blouse"",""category2"":""Half Hand"",""colorCategory"":""black""}",61,1,"[""stores/o52ai0cVtcxBPbsS8MuU/products/1545112949398_black_dupion_silk_resham_embroidered_designer_blouse-bl1824.jpg""]",nyXKPPxBXo2QcaePoPup,,Women,1,0,Black Dupion Silk Resham Embroidered Designer Blouse,o52ai0cVtcxBPbsS8MuU,gxgjx,"{""_seconds"":1545112964,""_nanoseconds"":962000000}","{""address"":{""street"":""RS PURAM"",""city"":""COIMBATORE"",""state"":""TAMIL NADU"",""pinCode"":641001},""location"":{""_latitude"":10.996940799999999,""_longitude"":76.9581056},""name"":""Diva Fashion""}","[""Blouse"",""Designer"",""Black Dupion Silk ""]","[{""stock"":10,""purchasedPrice"":800,""objectID"":""nyXKPPxBXo2QcaePoPup_0"",""sellingPrice"":1500,""size"":""36""},{""purchasedPrice"":0,""objectID"":""nyXKPPxBXo2QcaePoPup_1"",""sellingPrice"":0,""size"":""38"",""stock"":15}]",xYKdM80shFN1HN2eFjdEvH7SabG2,textile,1,
 tommy,1,"[""https://firebasestorage.googleapis.com/v0/b/clothxtest.appspot.com/o/stores%2FenyMuzrGVEwXM5UaFJyG%2Fproducts%2F1544973653514_0c995b84-a4d4-459c-a5e2-e21997016a221536669891533-1.jpg?alt=media&token=5c155f43-76a3-44a7-bdcf-9e9def07ec28""]","{""category2"":""Full Hand"",""colorCategory"":""blue"",""category1"":""Casuals""}",61,1,"[""stores/enyMuzrGVEwXM5UaFJyG/products/1544973653514_0c995b84-a4d4-459c-a5e2-e21997016a221536669891533-1.jpg""]",o2aWi2PNVuhM2KJXrcd8,,Men,1,0, Regular Fit Checked Casual Shirt for men,enyMuzrGVEwXM5UaFJyG,qzfyv,"{""_seconds"":1544973666,""_nanoseconds"":696000000}","{""location"":{""_latitude"":11.008021699999999,""_longitude"":76.95853369999999},""name"":""Unique Fashion "",""address"":{""city"":""COIMBATORE"",""state"":""TAMIL NADU"",""pinCode"":641001,""street"":""RS PURM""}}","[""Casuals"",""Full Hand""]","[{""purchasedPrice"":300,""objectID"":""o2aWi2PNVuhM2KJXrcd8_0"",""sellingPrice"":600,""size"":""l"",""stock"":10},{""size"":""m"",""stock"":20,""purchasedPrice"":0,""objectID"":""o2aWi2PNVuhM2KJXrcd8_1"",""sellingPrice"":0}]",GElR7aDaoYTRwGG2FmRw2Lnen3B3,textile,1,
Seema,1,"[""https://firebasestorage.googleapis.com/v0/b/clothxtest.appspot.com/o/stores%2Fo52ai0cVtcxBPbsS8MuU%2Fproducts%2F1545111646160_y28-500x500.jpg?alt=media&token=e80e2271-70e8-4ea0-b6da-18eb719a9433""]","{""colorCategory"":""blue"",""category1"":""Chudidhar "",""category2"":"" Unstitched""}",61,1,"[""stores/o52ai0cVtcxBPbsS8MuU/products/1545111646160_y28-500x500.jpg""]",ozOLGpLHZcowN4POaQt0,,Women,1,0,Blue Cotton Unstitched Chudidhar ,o52ai0cVtcxBPbsS8MuU,gxjkm,"{""_seconds"":1545111683,""_nanoseconds"":779000000}","{""address"":{""state"":""TAMIL NADU"",""pinCode"":641001,""street"":""RS PURAM"",""city"":""COIMBATORE""},""location"":{""_latitude"":10.996940799999999,""_longitude"":76.9581056},""name"":""Diva Fashion""}","[""Chudidhar "","" Unstitched"","" Blue""]","[{""objectID"":""ozOLGpLHZcowN4POaQt0_0"",""sellingPrice"":900,""size"":""m"",""stock"":25,""purchasedPrice"":500},{""stock"":15,""purchasedPrice"":0,""objectID"":""ozOLGpLHZcowN4POaQt0_1"",""sellingPrice"":0,""size"":""l""}]",xYKdM80shFN1HN2eFjdEvH7SabG2,textile,1,
Riva,1,"[""https://firebasestorage.googleapis.com/v0/b/clothxtest.appspot.com/o/stores%2Fo52ai0cVtcxBPbsS8MuU%2Fproducts%2F1545112610156_SareeShop-Designer-SareeS-Blue-Chiffon-SDL384671224-1-476ed.jpg?alt=media&token=c014f37c-dc74-4f2a-ba99-f20f4e9448de""]","{""category1"":""saree"",""category2"":""Designer"",""colorCategory"":""Blue""}",61,1,"[""stores/o52ai0cVtcxBPbsS8MuU/products/1545112610156_SareeShop-Designer-SareeS-Blue-Chiffon-SDL384671224-1-476ed.jpg""]",p0Fmas5D767ZP6xCGJz9,,Women,1,0,Designer Saree Blue Chiffon Saree,o52ai0cVtcxBPbsS8MuU,bdysv,"{""_seconds"":1545112631,""_nanoseconds"":799000000}","{""name"":""Diva Fashion"",""address"":{""city"":""COIMBATORE"",""state"":""TAMIL NADU"",""pinCode"":641001,""street"":""RS PURAM""},""location"":{""_latitude"":10.996940799999999,""_longitude"":76.9581056}}","[""Designer"",""Saree"","" Blue Chiffon""]","[{""purchasedPrice"":850,""objectID"":""p0Fmas5D767ZP6xCGJz9_0"",""sellingPrice"":1350,""size"":""no size"",""stock"":20},{""stock"":19,""purchasedPrice"":0,""objectID"":""p0Fmas5D767ZP6xCGJz9_1"",""sellingPrice"":0,""size"":""NO SIZE""}]",xYKdM80shFN1HN2eFjdEvH7SabG2,textile,1,
VIRGO,1,"[""https://firebasestorage.googleapis.com/v0/b/clothxtest.appspot.com/o/stores%2FeIGNV5kDx1JuMCn3td3W%2Fproducts%2F1545110190814_sf560_0_270.jpg?alt=media&token=50bc13e8-f506-453a-b903-beef1129a6c9""]","{""category1"":""Casuals"",""category2"":""Full Hand"",""colorCategory"":""Red""}",61,1,"[""stores/eIGNV5kDx1JuMCn3td3W/products/1545110190814_sf560_0_270.jpg""]",qA1jK3jYb6mN58jhVhlP,,Men,1,0,Skinnifit Men Brushed Check Casual Shirt,eIGNV5kDx1JuMCn3td3W,wprnp,"{""_seconds"":1545110200,""_nanoseconds"":174000000}","{""location"":{""_latitude"":10.996953099999999,""_longitude"":76.95853369999999},""name"":""Mens Mufti"",""address"":{""city"":""COIMBATORE"",""state"":""TAMIL NADU"",""pinCode"":641001,""street"":""DB road, Rs Puram""}}","[""slim fit"",""Casuals"",""Full Hand""]","[{""size"":""l"",""stock"":10,""purchasedPrice"":400,""objectID"":""qA1jK3jYb6mN58jhVhlP_0"",""sellingPrice"":799},{""purchasedPrice"":0,""objectID"":""qA1jK3jYb6mN58jhVhlP_1"",""sellingPrice"":0,""size"":""xl"",""stock"":20}]",GElR7aDaoYTRwGG2FmRw2Lnen3B3,textile,1,
WhitePo,1,"[""https://firebasestorage.googleapis.com/v0/b/clothxtest.appspot.com/o/stores%2FM2epzuDAplyE5AKfPrsS%2Fproducts%2F1545565285433_61KYa4xX4LL._UX425_.jpg?alt=media&token=0a86784d-efc4-43b6-9263-19b08351d11f""]","{""category1"":""Formals"",""category2"":""Full Hand"",""colorCategory"":""White""}",61,1,"[""stores/M2epzuDAplyE5AKfPrsS/products/1545565285433_61KYa4xX4LL._UX425_.jpg""]",qmrolU0LDolSwFmmk7K6,,Men,1,0,full hand white shirt,M2epzuDAplyE5AKfPrsS,wkycl,"{""_seconds"":1545565386,""_nanoseconds"":102000000}","{""address"":{""state"":""Tamil Nadu"",""pinCode"":641002,""street"":""R.S.Puram"",""city"":""Coimbatore""},""location"":{""_latitude"":10.9411319,""_longitude"":76.9535083},""name"":""Fashion door""}","[""""]","[{""objectID"":""qmrolU0LDolSwFmmk7K6_0"",""sellingPrice"":500,""size"":""xl"",""stock"":10,""purchasedPrice"":350},{""purchasedPrice"":0,""objectID"":""qmrolU0LDolSwFmmk7K6_1"",""sellingPrice"":0,""size"":""L"",""stock"":20}]",utE04LXBqgWMFlxwNTs3XGOsdZ72,textile,1,
tommy,1,"[""https://firebasestorage.googleapis.com/v0/b/clothxtest.appspot.com/o/stores%2FenyMuzrGVEwXM5UaFJyG%2Fproducts%2F1544975278074_7M12390_210_1.jpg?alt=media&token=338f6c77-4ec7-4925-acf8-8a848c622809""]","{""category1"":""jeans"",""category2"":""slim fit"",""colorCategory"":""brown""}",61,1,"[""stores/enyMuzrGVEwXM5UaFJyG/products/1544975278074_7M12390_210_1.jpg""]",sSdNt7cBcpN1Ma6MfHdm,,Men,1,0,slim fit Jeans  for men,enyMuzrGVEwXM5UaFJyG,sgdff,"{""_seconds"":1544975318,""_nanoseconds"":486000000}","{""address"":{""street"":""RS PURM"",""city"":""COIMBATORE"",""state"":""TAMIL NADU"",""pinCode"":641001},""location"":{""_latitude"":11.008021699999999,""_longitude"":76.95853369999999},""name"":""Unique Fashion ""}","[""slimfit"",""Jeans""]","[{""purchasedPrice"":500,""objectID"":""sSdNt7cBcpN1Ma6MfHdm_0"",""sellingPrice"":999,""size"":""38"",""stock"":20},{""stock"":10,""purchasedPrice"":0,""objectID"":""sSdNt7cBcpN1Ma6MfHdm_1"",""sellingPrice"":0,""size"":""36""}]",GElR7aDaoYTRwGG2FmRw2Lnen3B3,textile,1,
Riva,1,"[""https://firebasestorage.googleapis.com/v0/b/clothxtest.appspot.com/o/stores%2Fo52ai0cVtcxBPbsS8MuU%2Fproducts%2F1545113534143_11518240513216-Harpa-Women-Tops-6031518240513008-1.jpg?alt=media&token=4b869a03-3abd-4194-8046-5c62a37ca379""]","{""category1"":""tops"",""category2"":""full hand "",""colorCategory"":""DarkViolet""}",61,1,"[""stores/o52ai0cVtcxBPbsS8MuU/products/1545113534143_11518240513216-Harpa-Women-Tops-6031518240513008-1.jpg""]",skZwvHyrthDMn6PyGj8f,,Women,1,0,full hand tops for women,o52ai0cVtcxBPbsS8MuU,nvnpq,"{""_seconds"":1545113548,""_nanoseconds"":629000000}","{""location"":{""_latitude"":10.996940799999999,""_longitude"":76.9581056},""name"":""Diva Fashion"",""address"":{""street"":""RS PURAM"",""city"":""COIMBATORE"",""state"":""TAMIL NADU"",""pinCode"":641001}}","[""Tops"",""Full Hand"",""DarkViolet""]","[{""purchasedPrice"":200,""objectID"":""skZwvHyrthDMn6PyGj8f_0"",""sellingPrice"":350,""size"":""m"",""stock"":13},{""purchasedPrice"":0,""objectID"":""skZwvHyrthDMn6PyGj8f_1"",""sellingPrice"":0,""size"":""l"",""stock"":20}]",xYKdM80shFN1HN2eFjdEvH7SabG2,textile,1,
